{
  "shuffle": true,
  "subset": null,
  "min_freq": 75,
  "lower": true,
  "stem": false,
  "analyzer": "char_wb",
  "ngram_max_range": 4,
  "alpha": 0.0001,
  "learning_rate": 0.48644904787792165,
  "power_t": 0.2973422444314071,
  "num_epochs": 100,
  "threshold": 0.6897537842146264
}