{
  "overall": {
    "precision": 0.9088844194008353,
    "recall": 0.8263888888888888,
    "f1": 0.8446834852272544,
    "num_samples": 144.0
  },
  "class": {
    "computer-vision": {
      "precision": 0.9761904761904762,
      "recall": 0.7592592592592593,
      "f1": 0.8541666666666667,
      "num_samples": 54.0
    },
    "mlops": {
      "precision": 1.0,
      "recall": 0.6666666666666666,
      "f1": 0.8,
      "num_samples": 12.0
    },
    "natural-language-processing": {
      "precision": 0.9803921568627451,
      "recall": 0.8620689655172413,
      "f1": 0.9174311926605505,
      "num_samples": 58.0
    },
    "other": {
      "precision": 0.46511627906976744,
      "recall": 1.0,
      "f1": 0.6349206349206349,
      "num_samples": 20.0
    }
  },
  "slices": {
    "short_text": {
      "precision": 0.6666666666666666,
      "recall": 0.6666666666666666,
      "f1": 0.6666666666666666,
      "num_samples": 9
    }
  }
}
